"","RGR","Temp"
"1",0.264177410772905,27.5218404193361
