"","species","b_pval","ps","group"
"1",1,0.91325,0.91,"N1 2010 (0.91)"
"2",2,0.9378,0.94,"N2 2010 (0.94)"
"3",3,0.59925,0.6,"C1 2010 (0.6)"
"4",4,0.95385,0.95,"C2 2010 (0.95)"
"5",5,0.71825,0.72,"S1 2010 (0.72)"
"6",6,0.77195,0.77,"S2 2010 (0.77)"
"7",7,0.9071,0.91,"N1 2017 (0.91)"
"8",8,0.8403,0.84,"N2 2017 (0.84)"
"9",9,0.70025,0.7,"C1 2017 (0.7)"
"10",10,0.70715,0.71,"C2 2017 (0.71)"
"11",11,0.70945,0.71,"S1 2017 (0.71)"
"12",12,0.8563,0.86,"S2 2017 (0.86)"
